as_of,strategy_sharpe,strategy_max_drawdown,strategy_annualized_return,strategy_annualized_volatility,strategy_turnover,strategy_cost_drag,equal_weight_sharpe,equal_weight_max_drawdown,inverse_variance_sharpe,inverse_variance_max_drawdown
2026-09-11,0.6292724879724294,-0.1362392984500197,0.1314737498513344,0.1135815584145892,0.0027546625660874,0.00697362404559,0.4861350753541553,-0.3800193563235461,0.4670246630495006,-0.3559502088295226
2026-09-11,0.6292724182806291,-0.1362392962646259,0.1314737449509235,0.1135815632063016,0.002754663163375,0.0069736239084285,0.4861350309952686,-0.3800193641025401,0.4670246354138961,-0.3559502031094247
2026-09-15,0.6157143610083892,-0.1362392840110463,0.1299766143071925,0.1136510998258803,0.0027546622573092,0.0070504495642245,0.4785636909299676,-0.3800193465846232,0.4604277369726833,-0.3559469672909615
2026-09-16,0.6179814039873015,-0.13623930274172,0.1302035156000498,0.1136013400194359,0.0027546635523435,0.0070323909218753,0.4797945674494507,-0.3800193490008286,0.4618350919189517,-0.355945810884693
2026-09-18,0.6240028732985174,-0.1362392981509713,0.1308495969027762,0.1135404978638333,0.0027546625957145,0.0069891899149061,0.4832242515366596,-0.380019346266055,0.4639134177476721,-0.3559570911293299
2026-09-21,0.6242960839906987,-0.1362393082161121,0.1308680625336747,0.1135167500661923,0.0027546630769625,0.0069853076033177,0.4833509386736413,-0.3800193572424926,0.4650641934624461,-0.3559609694668554
2026-09-22,0.6202530371891501,-0.1362392915562749,0.1304000654457937,0.1135021696384289,0.0027546630598174,0.0070072926292218,0.481048623836131,-0.3800193580138206,0.4623748576310314,-0.3559657895432527
2026-09-23,0.6255695324847924,-0.1362392778859288,0.130997750824204,0.1134929806159158,0.0027546212541019,0.0069726880875378,0.4840541659531397,-0.3800193527167789,0.4653993472465457,-0.3559680593639436
2026-09-25,0.6135401761000491,-0.1362392929866924,0.1296784932667752,0.1135679389566379,0.0027304572879045,0.0070372826903585,0.4773544304994797,-0.3800193510648135,0.4592174389182499,-0.3559526937984855
2026-09-28,0.6004770960243089,-0.1362392959707655,0.1282332019208248,0.1136316478556619,0.0027304576741099,0.0071130829827799,0.4700812907163724,-0.3800193541184192,0.4516546294766139,-0.3559588943455019
2026-09-29,0.5959872555447995,-0.1362393225203502,0.1277155610228189,0.1136191426793502,0.002730457779661,0.007138749137814,0.4675169453744074,-0.3800193616448427,0.4481493757743909,-0.3559646410360356
2026-09-30,0.5909698748553608,-0.1362392995205953,0.1271396936149291,0.1136093335237461,0.0027304577536036,0.0071678810354237,0.4647830640291731,-0.3800193562592245,0.4452225597568478,-0.3559766465817841
2026-10-01,0.5774640518673367,-0.1362392898328728,0.125645619034741,0.1136791438747812,0.0027304575818362,0.0072494953013702,0.4572304604767273,-0.3800193583720749,0.4376534639912547,-0.3559698824489284
2026-10-05,0.5805889965336446,-0.1362393042743073,0.1259899920831783,0.1136604249773346,0.0027304578105117,0.007226836048441,0.4589701633621577,-0.3800193662082912,0.4392527047076365,-0.3559716159374952
2026-10-06,0.587198290177152,-0.136239301502876,0.1267289044303844,0.1136394733204229,0.0027304578730195,0.0071790656910482,0.4627678441429388,-0.3800193523931457,0.4433427689287083,-0.3560036947753673
2026-10-07,0.5689241699264983,-0.13377885633852898,0.12873511754994732,0.120815956120879,0.005446575020721332,0.007627072465838575,0.460835407432008,-0.3831329178569033,0.44280128811237096,-0.359472093350132
<<<<<<< HEAD,,,,,,,,,,
=======,,,,,,,,,,
>>>>>>> 28a975b777bb7f440cce6e1ed4f959094f6aa579,,,,,,,,,,
